,colony,street,street_number,postal_code,zone,directions,lat,lon
4,LOMAS DEL GALLO,FERNANDO SOLIS,1338,44760,Guadalajara,"FERNANDO SOLIS 1338, LOMAS DEL GALLO, Guadalajara",20.67890219,-103.27083555
225,MESA COLORADA PTE,NABO,543,45189,Zapopan,"NABO 543, MESA COLORADA PTE, Zapopan",20.763,-103.34626
205,"FRACC, LOS MOLINOS",CTO OBSIDIANA,39,45200,Zapopan,"CTO OBSIDIANA 39, FRACC, LOS MOLINOS, Zapopan",20.798731,-103.4770319
37,SANTA TERESITA,ALFREDO CHAVERO,16,44600,Guadalajara,"ALFREDO CHAVERO 16, SANTA TERESITA, Guadalajara",20.683706,-103.368627
102,ECHEVERRIA,JOSE ROJO,958,44970,Guadalajara,"JOSE ROJO 958, ECHEVERRIA, Guadalajara",20.62216715,-103.36095184
231,RESIDENCIAL TESISTAN,AV SAN MATEO,1115,45200,Zapopan,"AV SAN MATEO 1115, RESIDENCIAL TESISTAN, Zapopan",20.7943479,-103.4683674
53,LA AURORA,JARDINES DE BAB,20,44790,Guadalajara,"JARDINES DE BAB 20, LA AURORA, Guadalajara",20.66066767,-103.28141363
61,LA AURORA,SALVADOR LOPEZ,1750,44790,Guadalajara,"SALVADOR LOPEZ 1750, LA AURORA, Guadalajara",20.6494585,-103.3388108
158,LA FLORIDA,FLORAL,15,45234,Zapopan,"FLORAL 15, LA FLORIDA, Zapopan",20.5997014,-103.4273219
16,LOMAS DEL PARADERO,LUIS QUINTANAR,746,44840,Guadalajara,"LUIS QUINTANAR 746, LOMAS DEL PARADERO, Guadalajara",20.650031,-103.3199848
154,LA MOJONERA,DE BARAJAS,425,45134,Zapopan,"DE BARAJAS 425, LA MOJONERA, Zapopan",20.78831785,-103.45075595
274,VISTA HERMOSA,AV VISTA HERMO,3763,45189,Zapopan,"AV VISTA HERMO 3763, VISTA HERMOSA, Zapopan",20.7616693,-103.3347796
278,LOMAS DEL REFUGIO,AGUA PRIETA,111,45186,Zapopan,"AGUA PRIETA 111, LOMAS DEL REFUGIO, Zapopan",20.74929471,-103.34874768
215,VALLE DE LOS MOLINOS,BERNA,75,45200,Zapopan,"BERNA 75, VALLE DE LOS MOLINOS, Zapopan",20.8547918,-103.42304733
269,REVOLUCION SEGUNDA SECCION,REVOLUCION,51,45200,Zapopan,"REVOLUCION 51, REVOLUCION SEGUNDA SECCION, Zapopan",20.85476958,-103.42562918
93,SAN VICENTE,PUERTO SOTO LA,2280,44330,Guadalajara,"PUERTO SOTO LA 2280, SAN VICENTE, Guadalajara",20.7045566,-103.314453
72,LADRON DE GUEVARA,FRAY LUIS DE PA,443,44600,Guadalajara,"FRAY LUIS DE PA 443, LADRON DE GUEVARA, Guadalajara",20.6842089,-103.379311
55,BEATRIZ HERNANDEZ,GAZA,1333,44760,Guadalajara,"GAZA 1333, BEATRIZ HERNANDEZ, Guadalajara",20.681007,-103.2865761
223,MESA DE LOS OCOTES,BETABEL,23,45189,Zapopan,"BETABEL 23, MESA DE LOS OCOTES, Zapopan",20.7672275,-103.3435708
224,COPALITA,AV AMARANTO,175,45200,Zapopan,"AV AMARANTO 175, COPALITA, Zapopan",20.80905867,-103.45311198
197,SAN ISIDRO EJIDAL,NUEVO MEXICO,250,45147,Zapopan,"NUEVO MEXICO 250, SAN ISIDRO EJIDAL, Zapopan",20.726598,-103.398205
130,LADRON DE GUEVARA,AVENIDA AMERICA,620,44600,Guadalajara,"AVENIDA AMERICA 620, LADRON DE GUEVARA, Guadalajara",20.6874428,-103.3731335
139,JARDINES DE LA CRUZ,REYES CATOLICOS,2151,44950,Guadalajara,"REYES CATOLICOS 2151, JARDINES DE LA CRUZ, Guadalajara",20.64629179,-103.37634047
193,CIUDAD GRANJA,CALZ DE LOS LA,164,45010,Zapopan,"CALZ DE LOS LA 164, CIUDAD GRANJA, Zapopan",20.6849754,-103.4518055
176,VIRREYES RESIDENCIAL,AV NACIONES UNI,6904,45110,Zapopan,"AV NACIONES UNI 6904, VIRREYES RESIDENCIAL, Zapopan",20.695938,-103.442158
134,CANTARRANAS,MIGUEL BERNAL,3327,44829,Guadalajara,"MIGUEL BERNAL 3327, CANTARRANAS, Guadalajara",20.65865637,-103.2906591
117,VALLARTA SAN JORGE,EUCLIDES,3302,44690,Guadalajara,"EUCLIDES 3302, VALLARTA SAN JORGE, Guadalajara",20.6751303,-103.3983219
172,JARDINES DEL VERGEL,JARDIN DE NARDO,1527,45180,Zapopan,"JARDIN DE NARDO 1527, JARDINES DEL VERGEL, Zapopan",20.7437494,-103.3705966
52,18 DE MARZO,FAJA DE ORO,1783,44960,Guadalajara,"FAJA DE ORO 1783, 18 DE MARZO, Guadalajara",20.63485145,-103.37672045
59,INDEPENDENCIA PTE,ROGELIO BACON,1676,44290,Guadalajara,"ROGELIO BACON 1676, INDEPENDENCIA PTE, Guadalajara",20.7036,-103.3334499
145,SAN ANDRES,AVELINO M PRESA,3335,44810,Guadalajara,"AVELINO M PRESA 3335, SAN ANDRES, Guadalajara",20.661081,-103.2907359
136,MIRAVALLE,MAURICIO CAMPOS,512,44990,Guadalajara,"MAURICIO CAMPOS 512, MIRAVALLE, Guadalajara",20.6094738,-103.3478201
6,TETLAN,GIGANTES,108,44820,Guadalajara,"GIGANTES 108, TETLAN, Guadalajara",20.65951835,-103.2736384
95,ZALATE II,OTILIO GONZALEZ,1116,44760,Guadalajara,"OTILIO GONZALEZ 1116, ZALATE II, Guadalajara",20.679092,-103.2750349
9,GENERAL REAL,MARCONI,17,44400,Guadalajara,"MARCONI 17, GENERAL REAL, Guadalajara",20.6682228,-103.3242311
40,ARANDAS,HACIENDA LA ERR,1877,44720,Guadalajara,"HACIENDA LA ERR 1877, ARANDAS, Guadalajara",20.68584251,-103.2726593
44,MARAVILLA,MESA DEL NORTE,1272,44700,Guadalajara,"MESA DEL NORTE 1272, MARAVILLA, Guadalajara",20.6996615,-103.3042162
244,SANTA ANA TEPETITLAN,HIDALGO,35,45230,Zapopan,"HIDALGO 35, SANTA ANA TEPETITLAN, Zapopan",20.6208991,-103.456008
234,PASEOS DEL SOL,TOMAS BALCAZAR,5404,45079,Zapopan,"TOMAS BALCAZAR 5404, PASEOS DEL SOL, Zapopan",20.637128,-103.427021
228,VILLA FONTANA DIAMANTE,AV JADE,86,45200,Zapopan,"AV JADE 86, VILLA FONTANA DIAMANTE, Zapopan",20.80761483,-103.48160873
97,LA CAMPESINA,JOSE MARIA SARM,1488,44769,Guadalajara,"JOSE MARIA SARM 1488, LA CAMPESINA, Guadalajara",20.67862979,-103.27356507
273,REAL QUINTAS DEL VALLE,CIRCUITO REAL S,0,45138,Zapopan,"CIRCUITO REAL S 0, REAL QUINTAS DEL VALLE, Zapopan",20.73714441,-103.44750205
20,BLANCO Y CUELLAR,EMILIO RABAZA,2132,44730,Guadalajara,"EMILIO RABAZA 2132, BLANCO Y CUELLAR, Guadalajara",20.67964,-103.3047158
104,AYUNTAMIENTO,BERNARDO DE BAL,1170,44620,Guadalajara,"BERNARDO DE BAL 1170, AYUNTAMIENTO, Guadalajara",20.695428,-103.369627
115,SAN CARLOS,LOS ANGELES,171,44460,Guadalajara,"LOS ANGELES 171, SAN CARLOS, Guadalajara",20.662959,-103.344124
199,JARDINES D NVO MEXIC,SEXTA PTE,535,45138,Zapopan,"SEXTA PTE 535, JARDINES D NVO MEXIC, Zapopan",20.76243185,-103.43949475
191,LA MARTINICA,PASEO DE LOS AL,79,45185,Zapopan,"PASEO DE LOS AL 79, LA MARTINICA, Zapopan",20.749005,-103.3596259
268,TABACHINES,PASEO DE LOS AV,3101,45188,Zapopan,"PASEO DE LOS AV 3101, TABACHINES, Zapopan",20.74189052,-103.36275942
179,INDIGENA D MEZQUITAN,18 DE MARZO,409,45190,Zapopan,"18 DE MARZO 409, INDIGENA D MEZQUITAN, Zapopan",20.738673,-103.331924
119,BOSQUES D L VICTORIA,FAUNA,2765,44540,Guadalajara,"FAUNA 2765, BOSQUES D L VICTORIA, Guadalajara",20.644029,-103.388121
203,RESID LAS ARBOLEDAS,AURORA BOREAL N,4170,45070,Zapopan,"AURORA BOREAL N 4170, RESID LAS ARBOLEDAS, Zapopan",20.6282461,-103.4284541
159,BENITO JUAREZ,ADOLFO LOPEZ MA,4754,45199,Zapopan,"ADOLFO LOPEZ MA 4754, BENITO JUAREZ, Zapopan",20.79533048,-103.5005241
266,EL ZAPOTE,TEZOZOMOC,4357,45050,Zapopan,"TEZOZOMOC 4357, EL ZAPOTE, Zapopan",20.6546574,-103.4153864
173,BUGAMBILIAS,PASEO DE LA VIC,4952,45238,Zapopan,"PASEO DE LA VIC 4952, BUGAMBILIAS, Zapopan",20.60869227,-103.47949598
263,INF LA TUZANIA,CAPULINES,40,45138,Zapopan,"CAPULINES 40, INF LA TUZANIA, Zapopan",20.731825,-103.418699
214,EL COLLY URBANO I,VOLCAN VESUBIO,2321,45070,Zapopan,"VOLCAN VESUBIO 2321, EL COLLY URBANO I, Zapopan",20.6413426,-103.4276583
70,SAN MARCOS,CANTERA,819,44330,Guadalajara,"CANTERA 819, SAN MARCOS, Guadalajara",20.696713,-103.315329
60,SANTA ROSA,MELQUIADES CAMP,2289,44700,Guadalajara,"MELQUIADES CAMP 2289, SANTA ROSA, Guadalajara",20.702616,-103.287933
242,BOSQUE ESCONDIDO,PASEO DE LOS AL,10,45180,Zapopan,"PASEO DE LOS AL 10, BOSQUE ESCONDIDO, Zapopan",20.7469871,-103.3822178
116,LOMAS DE POLANCO,JOSE CARRILLO,3528,44960,Guadalajara,"JOSE CARRILLO 3528, LOMAS DE POLANCO, Guadalajara",20.6307235,-103.3795677
77,DIVISION DEL NORTE,TERUEL,3693,44230,Guadalajara,"TERUEL 3693, DIVISION DEL NORTE, Guadalajara",20.721705,-103.3379679
221,HDA SAN ISIDRO,LA VILLA,455,45147,Zapopan,"LA VILLA 455, HDA SAN ISIDRO, Zapopan",20.7289036,-103.3982935
142,18 DE MARZO,NATIVIDAD MACIA,1326,44960,Guadalajara,"NATIVIDAD MACIA 1326, 18 DE MARZO, Guadalajara",20.6332169,-103.3695316
180,VALLE REAL,PASEO SAN ARTUR,685,45019,Zapopan,"PASEO SAN ARTUR 685, VALLE REAL, Zapopan",20.722536,-103.44067
26,OBLATOS,AV JUAN PABLO L,3165,44700,Guadalajara,"AV JUAN PABLO L 3165, OBLATOS, Guadalajara",20.6982095,-103.295162
46,MIRAVALLE II,PEDRO PATINO,643,44990,Guadalajara,"PEDRO PATINO 643, MIRAVALLE II, Guadalajara",20.6069021,-103.3496879
56,UNIDAD BELISARIO DOM,JOSE LUIS MORA,1212,44329,Guadalajara,"JOSE LUIS MORA 1212, UNIDAD BELISARIO DOM, Guadalajara",20.6848539,-103.321828
91,HUENTITAN EL BAJO,VOLCAN FUJIYAMA,4413,44250,Guadalajara,"VOLCAN FUJIYAMA 4413, HUENTITAN EL BAJO, Guadalajara",20.738969,-103.3189689
213,AGRICOLA,DALIA,138,45236,Zapopan,"DALIA 138, AGRICOLA, Zapopan",20.6165614,-103.4310802
62,SAN VICENTE,MONTES MARCIANO,2173,44330,Guadalajara,"MONTES MARCIANO 2173, SAN VICENTE, Guadalajara",20.70378,-103.3159849
272,12 DE DICIEMBRE,TRUENO,260,45068,Zapopan,"TRUENO 260, 12 DE DICIEMBRE, Zapopan",20.6491888,-103.457067
189,EJIDAL LOMA BONITA,PEDRO MORENO,3308,45085,Zapopan,"PEDRO MORENO 3308, EJIDAL LOMA BONITA, Zapopan",20.6317603,-103.4051996
210,FRACC MIRADOR D SN I,AV INDUSTRIA TE,2030,45133,Zapopan,"AV INDUSTRIA TE 2030, FRACC MIRADOR D SN I, Zapopan",20.7582237,-103.3867842
195,ARENALES TAPATIOS,AV GUADALUPE,132,45066,Zapopan,"AV GUADALUPE 132, ARENALES TAPATIOS, Zapopan",20.6367828,-103.4602462
165,CANTEROS,PRIVADA CANTERO,1564,45190,Zapopan,"PRIVADA CANTERO 1564, CANTEROS, Zapopan",20.727049,-103.338664
135,TALPITA,SANTO TOMAS,1786,44719,Guadalajara,"SANTO TOMAS 1786, TALPITA, Guadalajara",20.68355178,-103.31008927
15,OBLATOS PONIENTE,HACIENDA DE LAS,2299,44700,Guadalajara,"HACIENDA DE LAS 2299, OBLATOS PONIENTE, Guadalajara",20.6942949,-103.2973538
277,DIVISION DL NTE ZAP,FRANCISCO VILLA,27,45180,Zapopan,"FRANCISCO VILLA 27, DIVISION DL NTE ZAP, Zapopan",20.73240707,-103.35364459
219,LOS ROBLES,CALLE LOS ROBLE,395,45134,Zapopan,"CALLE LOS ROBLE 395, LOS ROBLES, Zapopan",20.76709012,-103.43385955
21,PENAL,PEDRO CELESTINO,482,44730,Guadalajara,"PEDRO CELESTINO 482, PENAL, Guadalajara",20.678154,-103.319812
127,HELIODORO HERNANDEZ,MIGUEL SANCHEZ,3789,44720,Guadalajara,"MIGUEL SANCHEZ 3789, HELIODORO HERNANDEZ, Guadalajara",20.6948729,-103.278313
111,OBLATOS PONIENTE,HACIENDA LA PUR,2415,44700,Guadalajara,"HACIENDA LA PUR 2415, OBLATOS PONIENTE, Guadalajara",20.701229,-103.2951931
156,RESIDENCIAL TESISTAN,PARQUE MEXICANO,150,45200,Zapopan,"PARQUE MEXICANO 150, RESIDENCIAL TESISTAN, Zapopan",20.665307,-103.40409989
17,LA PERLA,PEDRO LANDAZURI,733,44360,Guadalajara,"PEDRO LANDAZURI 733, LA PERLA, Guadalajara",20.682905,-103.33238
217,VILLA FONTANA DIAMANTE,ARENISCA,1896,45200,Zapopan,"ARENISCA 1896, VILLA FONTANA DIAMANTE, Zapopan",20.77322945,-103.4750089
211,EL COLLY URBANO I,MELCHOR OCAMPO,1233,45070,Zapopan,"MELCHOR OCAMPO 1233, EL COLLY URBANO I, Zapopan",20.6449026,-103.4405377
255,VIGIA I,DEL CORRAL,604,45140,Zapopan,"DEL CORRAL 604, VIGIA I, Zapopan",20.7317015,-103.395332
249,FRACC REAL DEL BOSQUE,BERROCAL,449,45130,Zapopan,"BERROCAL 449, FRACC REAL DEL BOSQUE, Zapopan",20.7461139,-103.3969141
45,POLANQUITO,MIGUEL MACIAS,3653,44969,Guadalajara,"MIGUEL MACIAS 3653, POLANQUITO, Guadalajara",20.618594,-103.37202
149,EL FORTIN,ALAMO,1359,45066,Zapopan,"ALAMO 1359, EL FORTIN, Zapopan",20.6469306,-103.4548918
155,VILLA FONTANA DIAMANTE,FUENTE BRILLANT,1730,45200,Zapopan,"FUENTE BRILLANT 1730, VILLA FONTANA DIAMANTE, Zapopan",20.7737514,-103.4720222
105,JARDINES DE STA ISAB,COMBATE DE SACR,228,44300,Guadalajara,"COMBATE DE SACR 228, JARDINES DE STA ISAB, Guadalajara",20.716095,-103.314819
177,VILLA DE GUADALUPE II,PABLO HIPOLITO,45,45189,Zapopan,"PABLO HIPOLITO 45, VILLA DE GUADALUPE II, Zapopan",20.754981,-103.33859306
87,COUNTRY CLUB,AV JORGE ALVARE,1535,44610,Guadalajara,"AV JORGE ALVARE 1535, COUNTRY CLUB, Guadalajara",20.7037391,-103.3652489
82,MEZQUITAN COUNTRY,DIAGONAL NAJERA,1876,44260,Guadalajara,"DIAGONAL NAJERA 1876, MEZQUITAN COUNTRY, Guadalajara",20.69196018,-103.3647616
83,RINCONADA DEL BOSQUE,AV ECONOMOS,6951,44510,Guadalajara,"AV ECONOMOS 6951, RINCONADA DEL BOSQUE, Guadalajara",20.65605164,-103.39377594
123,DIVISION DEL NORTE,BENEDICTO LOPEZ,399,44230,Guadalajara,"BENEDICTO LOPEZ 399, DIVISION DEL NORTE, Guadalajara",20.7236763,-103.3371782
186,VILLAS SAN IGNACIO,PABLO QUIROGA,215,45180,Zapopan,"PABLO QUIROGA 215, VILLAS SAN IGNACIO, Zapopan",20.72433,-103.3668977
75,GENERAL REAL,PENSADOR MEXICA,1070,44400,Guadalajara,"PENSADOR MEXICA 1070, GENERAL REAL, Guadalajara",20.665364,-103.3312438
222,LA ESTRADA,HIDALAGO,6,45200,Zapopan,"HIDALAGO 6, LA ESTRADA, Zapopan",20.79264101,-103.47565388
2,BOSQUES D LA CANTERA,PRIV OPALO,17,44306,Guadalajara,"PRIV OPALO 17, BOSQUES D LA CANTERA, Guadalajara",20.7155989,-103.3157318
23,BALCONES DE OBLATOS,HACIENDA DEL CA,2275,44720,Guadalajara,"HACIENDA DEL CA 2275, BALCONES DE OBLATOS, Guadalajara",20.68696384,-103.28869462
42,EL CENTRO,JUAREZ,400,44100,Guadalajara,"JUAREZ 400, EL CENTRO, Guadalajara",20.6751683,-103.348691
79,JARDINES DE STA ISAB,STA MARTHA,3165,44300,Guadalajara,"STA MARTHA 3165, JARDINES DE STA ISAB, Guadalajara",20.714658,-103.313579
13,SAN ANDRES,GOMEZ FARIAS,2319,44810,Guadalajara,"GOMEZ FARIAS 2319, SAN ANDRES, Guadalajara",20.66197709,-103.30791285
168,PARAISOS DEL COLLY,GALEANA,1068,45069,Zapopan,"GALEANA 1068, PARAISOS DEL COLLY, Zapopan",20.6508438,-103.4542078
85,HERMOSA PROVIN ZO TE,TELEFONISTAS,3331,44770,Guadalajara,"TELEFONISTAS 3331, HERMOSA PROVIN ZO TE, Guadalajara",20.6684139,-103.2855688
138,SAN RAFAEL,CARLOS GONZALEZ,280,44810,Guadalajara,"CARLOS GONZALEZ 280, SAN RAFAEL, Guadalajara",20.6571099,-103.2966291
129,DEL FRESNO,CIPRES,1738,44900,Guadalajara,"CIPRES 1738, DEL FRESNO, Guadalajara",20.6579289,-103.3661019
143,VALENTIN GOMEZ FARIA,JUAN DE DIOS CO,12,44977,Guadalajara,"JUAN DE DIOS CO 12, VALENTIN GOMEZ FARIA, Guadalajara",20.6166636,-103.36543282
261,COLLY SITIO,ROMANA,6570,45036,Zapopan,"ROMANA 6570, COLLY SITIO, Zapopan",20.65393358,-103.4396834
151,VIGIA I,HERRADURA,242,45140,Zapopan,"HERRADURA 242, VIGIA I, Zapopan",20.7327233,-103.3938158
157,RESIDENCIAL GUADALUP,MISION SAN PATR,350,45030,Zapopan,"MISION SAN PATR 350, RESIDENCIAL GUADALUP, Zapopan",20.6538728,-103.4331985
251,REAL DE TESISTAN,PRIVADA EMILIAN,28,45200,Zapopan,"PRIVADA EMILIAN 28, REAL DE TESISTAN, Zapopan",20.79364007,-103.4744717
209,FRACC JARDINES DE BELEN,TORONJA,41,45200,Zapopan,"TORONJA 41, FRACC JARDINES DE BELEN, Zapopan",20.8124,-103.4826
279,LOMAS DL VALLE VI UN,CANCER,3992,45129,Zapopan,"CANCER 3992, LOMAS DL VALLE VI UN, Zapopan",20.6850586,-103.4084621
147,LOMAS DE MIRAMAR,URANIO,31,45060,Zapopan,"URANIO 31, LOMAS DE MIRAMAR, Zapopan",20.64202975,-103.46426675
19,HERMOSA PROVIN ZO TE,ARQUIMIDES,630,44770,Guadalajara,"ARQUIMIDES 630, HERMOSA PROVIN ZO TE, Guadalajara",20.6711219,-103.2859288
182,SAN JUAN DE OCOTAN,MIGUEL MIRAMON,13,45019,Zapopan,"MIGUEL MIRAMON 13, SAN JUAN DE OCOTAN, Zapopan",20.764462,-103.452206
212,PRADOS TEPEYAC,PRADO DE LAS GA,4468,45050,Zapopan,"PRADO DE LAS GA 4468, PRADOS TEPEYAC, Zapopan",20.654827,-103.413214
22,GARIBAY,DAMASCO,785,44750,Guadalajara,"DAMASCO 785, GARIBAY, Guadalajara",20.6735769,-103.2949879
150,FRACC CUSPIDE,VALLE DE TESIST,198,45200,Zapopan,"VALLE DE TESIST 198, FRACC CUSPIDE, Zapopan",20.795812,-103.4822218
100,SAN ANDRES,CALLE B,165,44810,Guadalajara,"CALLE B 165, SAN ANDRES, Guadalajara",20.68627928,-103.26576928
258,ARENALES TAPATIOS,DIAMANTE,114,45066,Zapopan,"DIAMANTE 114, ARENALES TAPATIOS, Zapopan",20.6339582,-103.4563939
106,PARQUE REVOLUCION,AV MIGUEL HIDAL,469,44100,Guadalajara,"AV MIGUEL HIDAL 469, PARQUE REVOLUCION, Guadalajara",20.679603,-103.350983
276,EL BATAN,ANDADOR AGUA AZ,44,45190,Zapopan,"ANDADOR AGUA AZ 44, EL BATAN, Zapopan",20.72135701,-103.3443436
192,REAL DE VALDEPE?S,CALLE G 1470 TO,1470,45130,Zapopan,"CALLE G 1470 TO 1470, REAL DE VALDEPE?S, Zapopan",20.75259018,-103.4048233
54,VILLAS DE GADALUPE,AV PATRIA,4177,44720,Guadalajara,"AV PATRIA 4177, VILLAS DE GADALUPE, Guadalajara",20.6849943,-103.2719253
250,TIERRA RESIDENCIAL,SAN MATEO,2010,45200,Zapopan,"SAN MATEO 2010, TIERRA RESIDENCIAL, Zapopan",20.8026474,-103.4705006
187,UNIDAD MEXICO,CDA QUERETARO,278,45120,Zapopan,"CDA QUERETARO 278, UNIDAD MEXICO, Zapopan",20.6804779,-103.4039896
12,BEATRIZ HERNANDEZ,MARGARITA GUTIE,3497,44760,Guadalajara,"MARGARITA GUTIE 3497, BEATRIZ HERNANDEZ, Guadalajara",20.6814079,-103.284874
141,SAN JUAN BOSCO,FELIX BERNARDEL,428,44730,Guadalajara,"FELIX BERNARDEL 428, SAN JUAN BOSCO, Guadalajara",20.6690339,-103.3025698
131,FEDERALISMO,MONTE HIMALAYA,1416,44350,Guadalajara,"MONTE HIMALAYA 1416, FEDERALISMO, Guadalajara",20.691592,-103.317129
216,FRACC HACIENDA LAS PALOMAS,CALLE DEL AGUA,365,45200,Zapopan,"CALLE DEL AGUA 365, FRACC HACIENDA LAS PALOMAS, Zapopan",20.7285236,-103.3937157
14,LADRON DE GUEVARA,AVENIDA MEXICO,2582,44600,Guadalajara,"AVENIDA MEXICO 2582, LADRON DE GUEVARA, Guadalajara",20.679539,-103.3821471
114,TETLAN,AURELIA GUEVARA,3518,44820,Guadalajara,"AURELIA GUEVARA 3518, TETLAN, Guadalajara",20.6555499,-103.2887908
283,EL CENTINELA 2,HIDALGO,310,45187,Zapopan,"HIDALGO 310, EL CENTINELA 2, Zapopan",20.758003,-103.380373
194,COLINAS DE ATEMAJAC,AV AURELIO ORTE,1176,45170,Zapopan,"AV AURELIO ORTE 1176, COLINAS DE ATEMAJAC, Zapopan",20.7213469,-103.3671295
90,OBLATOS,BATALLA DE IZUC,2508,44700,Guadalajara,"BATALLA DE IZUC 2508, OBLATOS, Guadalajara",20.698347,-103.288479
35,LAGOS D OTE ZONA TET,LICURGO,336,44770,Guadalajara,"LICURGO 336, LAGOS D OTE ZONA TET, Guadalajara",20.665926,-103.288257
140,OBLATOS PONIENTE,HACIENDA LA GAV,3208,44700,Guadalajara,"HACIENDA LA GAV 3208, OBLATOS PONIENTE, Guadalajara",20.70194403,-103.28288184
101,JARDINES DEL NILO,MANUEL RIVERA C,2818,44860,Guadalajara,"MANUEL RIVERA C 2818, JARDINES DEL NILO, Guadalajara",20.6459499,-103.3015471
146,LA ESPERANZA,IGUALDAD,186,44300,Guadalajara,"IGUALDAD 186, LA ESPERANZA, Guadalajara",20.7098839,-103.319677
43,ARTESANOS,INDEPENDENCIA,919,44200,Guadalajara,"INDEPENDENCIA 919, ARTESANOS, Guadalajara",20.678064,-103.356838
257,PARQUES DE ZAPOPAN,OPALO,14,45138,Zapopan,"OPALO 14, PARQUES DE ZAPOPAN, Zapopan",20.7473862,-103.4188519
108,VILLA VICENTE GUERRE,ISLA USTICA,3318,44860,Guadalajara,"ISLA USTICA 3318, VILLA VICENTE GUERRE, Guadalajara",20.632482,-103.395812
174,UNIDAD JARDINES SEAT,JARDINES DE LOS,1233,45180,Zapopan,"JARDINES DE LOS 1233, UNIDAD JARDINES SEAT, Zapopan",20.7511529,-103.36893085
99,TRANSITO,AV CIRCUNVALANC,479,44298,Guadalajara,"AV CIRCUNVALANC 479, TRANSITO, Guadalajara",20.7038709,-103.3370089
88,DIVISION DEL NORTE,SILVINA REMBOA,3050,44230,Guadalajara,"SILVINA REMBOA 3050, DIVISION DEL NORTE, Guadalajara",20.7241509,-103.3374218
7,MODERNA,AV ESPANA,1092,44190,Guadalajara,"AV ESPANA 1092, MODERNA, Guadalajara",20.659424,-103.3531261
