,colony,street,street_number,postal_code,zone,directions,lat,lon
19,HERMOSA PROVIN ZO TE,ARQUIMIDES,630,44770,Guadalajara,"ARQUIMIDES 630, HERMOSA PROVIN ZO TE, Guadalajara",20.6711219,-103.2859288
155,VILLA FONTANA DIAMANTE,FUENTE BRILLANT,1730,45200,Zapopan,"FUENTE BRILLANT 1730, VILLA FONTANA DIAMANTE, Zapopan",20.7737514,-103.4720222
229,VILLA FONTANA DIAMANTE,FUENTE GRAFITO,8884,45200,Zapopan,"FUENTE GRAFITO 8884, VILLA FONTANA DIAMANTE, Zapopan",20.7795959,-103.4746901
100,SAN ANDRES,CALLE B,165,44810,Guadalajara,"CALLE B 165, SAN ANDRES, Guadalajara",20.68627928,-103.26576928
215,VALLE DE LOS MOLINOS,BERNA,75,45200,Zapopan,"BERNA 75, VALLE DE LOS MOLINOS, Zapopan",20.8547918,-103.42304733
109,VALLARTA SAN JORGE,TUCIDIDES,156,44690,Guadalajara,"TUCIDIDES 156, VALLARTA SAN JORGE, Guadalajara",20.678198,-103.3960161
30,EL MANANTIAL S REFOR,AVDE LA PATRIA,202,44470,Guadalajara,"AVDE LA PATRIA 202, EL MANANTIAL S REFOR, Guadalajara",20.621289,-103.342166
103,U H EL SAUZ INF,JAIME TORRES B,3090,44987,Guadalajara,"JAIME TORRES B 3090, U H EL SAUZ INF, Guadalajara",20.623719,-103.3945749
274,VISTA HERMOSA,AV VISTA HERMO,3763,45189,Zapopan,"AV VISTA HERMO 3763, VISTA HERMOSA, Zapopan",20.7616693,-103.3347796
257,PARQUES DE ZAPOPAN,OPALO,14,45138,Zapopan,"OPALO 14, PARQUES DE ZAPOPAN, Zapopan",20.7473862,-103.4188519
244,SANTA ANA TEPETITLAN,HIDALGO,35,45230,Zapopan,"HIDALGO 35, SANTA ANA TEPETITLAN, Zapopan",20.6208991,-103.456008
170,PASEOS DEL BRISE#O,PASEOS DE LOS I,1,45236,Zapopan,"PASEOS DE LOS I 1, PASEOS DEL BRISE#O, Zapopan",20.618144,-103.434739
90,OBLATOS,BATALLA DE IZUC,2508,44700,Guadalajara,"BATALLA DE IZUC 2508, OBLATOS, Guadalajara",20.698347,-103.288479
52,18 DE MARZO,FAJA DE ORO,1783,44960,Guadalajara,"FAJA DE ORO 1783, 18 DE MARZO, Guadalajara",20.63485145,-103.37672045
117,VALLARTA SAN JORGE,EUCLIDES,3302,44690,Guadalajara,"EUCLIDES 3302, VALLARTA SAN JORGE, Guadalajara",20.6751303,-103.3983219
251,REAL DE TESISTAN,PRIVADA EMILIAN,28,45200,Zapopan,"PRIVADA EMILIAN 28, REAL DE TESISTAN, Zapopan",20.79364007,-103.4744717
17,LA PERLA,PEDRO LANDAZURI,733,44360,Guadalajara,"PEDRO LANDAZURI 733, LA PERLA, Guadalajara",20.682905,-103.33238
137,LOMAS DE RIO VERDE,DEMOSTENES,3550,44720,Guadalajara,"DEMOSTENES 3550, LOMAS DE RIO VERDE, Guadalajara",20.68517129,-103.28554658
278,LOMAS DEL REFUGIO,AGUA PRIETA,111,45186,Zapopan,"AGUA PRIETA 111, LOMAS DEL REFUGIO, Zapopan",20.74929471,-103.34874768
223,MESA DE LOS OCOTES,BETABEL,23,45189,Zapopan,"BETABEL 23, MESA DE LOS OCOTES, Zapopan",20.7672275,-103.3435708
220,INF LA TUZANIA,AND OYAMELES,1124,45138,Zapopan,"AND OYAMELES 1124, INF LA TUZANIA, Zapopan",20.7370922,-103.4154143
211,EL COLLY URBANO I,MELCHOR OCAMPO,1233,45070,Zapopan,"MELCHOR OCAMPO 1233, EL COLLY URBANO I, Zapopan",20.6449026,-103.4405377
191,LA MARTINICA,PASEO DE LOS AL,79,45185,Zapopan,"PASEO DE LOS AL 79, LA MARTINICA, Zapopan",20.749005,-103.3596259
141,SAN JUAN BOSCO,FELIX BERNARDEL,428,44730,Guadalajara,"FELIX BERNARDEL 428, SAN JUAN BOSCO, Guadalajara",20.6690339,-103.3025698
252,CIUDAD DEL SOL,QUETZALCOATL,232,45050,Zapopan,"QUETZALCOATL 232, CIUDAD DEL SOL, Zapopan",20.6492751,-103.4071483
138,SAN RAFAEL,CARLOS GONZALEZ,280,44810,Guadalajara,"CARLOS GONZALEZ 280, SAN RAFAEL, Guadalajara",20.6571099,-103.2966291
0,U H FOVISSSTE ESTADI,LISBOA,28,44307,Guadalajara,"LISBOA 28, U H FOVISSSTE ESTADI, Guadalajara",20.7108869,-103.3308462
27,SANTA ELENA,ASTURIAS,1581,44230,Guadalajara,"ASTURIAS 1581, SANTA ELENA, Guadalajara",20.7145639,-103.337542
241,PRADOS TEPEYAC,PRADO DE LAS RO,308,45050,Zapopan,"PRADO DE LAS RO 308, PRADOS TEPEYAC, Zapopan",20.65714869,-103.41220962
239,LA PALMITA,MANUEL GONZALEZ,518,45180,Zapopan,"MANUEL GONZALEZ 518, LA PALMITA, Zapopan",20.7300639,-103.358865
166,COLINAS D LA PRIMAVE,CASCADA,147,45066,Zapopan,"CASCADA 147, COLINAS D LA PRIMAVE, Zapopan",20.637151,-103.4700562
93,SAN VICENTE,PUERTO SOTO LA,2280,44330,Guadalajara,"PUERTO SOTO LA 2280, SAN VICENTE, Guadalajara",20.7045566,-103.314453
8,RINCONADA DE HUENTITAN,JUAN CARRASCO,5234,44250,Guadalajara,"JUAN CARRASCO 5234, RINCONADA DE HUENTITAN, Guadalajara",20.7334639,-103.3219648
6,TETLAN,GIGANTES,108,44820,Guadalajara,"GIGANTES 108, TETLAN, Guadalajara",20.65951835,-103.2736384
53,LA AURORA,JARDINES DE BAB,20,44790,Guadalajara,"JARDINES DE BAB 20, LA AURORA, Guadalajara",20.66066767,-103.28141363
4,LOMAS DEL GALLO,FERNANDO SOLIS,1338,44760,Guadalajara,"FERNANDO SOLIS 1338, LOMAS DEL GALLO, Guadalajara",20.67890219,-103.27083555
270,RESIDENC LA ESTANCIA,WOLFANG AMADEUS,5552,45030,Zapopan,"WOLFANG AMADEUS 5552, RESIDENC LA ESTANCIA, Zapopan",20.6731122,-103.431709
196,AGRICOLA,OBELISCO,138,45236,Zapopan,"OBELISCO 138, AGRICOLA, Zapopan",20.616065,-103.432436
283,EL CENTINELA 2,HIDALGO,310,45187,Zapopan,"HIDALGO 310, EL CENTINELA 2, Zapopan",20.758003,-103.380373
205,"FRACC, LOS MOLINOS",CTO OBSIDIANA,39,45200,Zapopan,"CTO OBSIDIANA 39, FRACC, LOS MOLINOS, Zapopan",20.798731,-103.4770319
